WOJEWODZTWO,MARKA,LICZBA
DOLNOŚLĄSKIE,ALFA ROMEO,53
DOLNOŚLĄSKIE,ALPINE,1
DOLNOŚLĄSKIE,ASTON MARTIN,2
DOLNOŚLĄSKIE,AUDI,646
DOLNOŚLĄSKIE,BAIC,22
DOLNOŚLĄSKIE,BENTLEY,1
DOLNOŚLĄSKIE,BMW,519
DOLNOŚLĄSKIE,BUICK,1
DOLNOŚLĄSKIE,BYD,22
DOLNOŚLĄSKIE,CADILLAC,2
DOLNOŚLĄSKIE,CATERHAM,1
DOLNOŚLĄSKIE,CHEVROLET,43
DOLNOŚLĄSKIE,CHRYSLER,13
DOLNOŚLĄSKIE,CITROEN,174
DOLNOŚLĄSKIE,CUPRA,78
DOLNOŚLĄSKIE,DACIA,135
DOLNOŚLĄSKIE,DAEWOO,2
DOLNOŚLĄSKIE,DAIHATSU,6
DOLNOŚLĄSKIE,DAIMLER-BENZ,1
DOLNOŚLĄSKIE,DAIMLERCHRYSLER,4
DOLNOŚLĄSKIE,DODGE,27
DOLNOŚLĄSKIE,DS,6
DOLNOŚLĄSKIE,FERRARI,3
DOLNOŚLĄSKIE,FIAT,147
DOLNOŚLĄSKIE,FIAT/CARPOL,1
DOLNOŚLĄSKIE,FORD,671
DOLNOŚLĄSKIE,FORD-CNG-TECHNIK,1
DOLNOŚLĄSKIE,FORTHING,1
DOLNOŚLĄSKIE,HONDA,102
DOLNOŚLĄSKIE,HUMMER,1
DOLNOŚLĄSKIE,HYUNDAI,440
DOLNOŚLĄSKIE,INFINITI,2
DOLNOŚLĄSKIE,INFINITY,2
DOLNOŚLĄSKIE,JAECOO,19
DOLNOŚLĄSKIE,JAGUAR,12
DOLNOŚLĄSKIE,JEEP,61
DOLNOŚLĄSKIE,KIA,351
DOLNOŚLĄSKIE,LADA,1
DOLNOŚLĄSKIE,LANCIA,11
DOLNOŚLĄSKIE,LAND ROVER,57
DOLNOŚLĄSKIE,LEXUS,181
DOLNOŚLĄSKIE,MASERATI,7
DOLNOŚLĄSKIE,MAZDA,168
DOLNOŚLĄSKIE,MCLAREN,1
DOLNOŚLĄSKIE,MERCEDES,3
DOLNOŚLĄSKIE,MERCEDES-AMG,2
DOLNOŚLĄSKIE,MERCEDES-BENZ,475
DOLNOŚLĄSKIE,MG,86
DOLNOŚLĄSKIE,MG ROEWE,1
DOLNOŚLĄSKIE,MINI,47
DOLNOŚLĄSKIE,MITSUBISHI,57
DOLNOŚLĄSKIE,NISSAN,165
DOLNOŚLĄSKIE,OMODA,27
DOLNOŚLĄSKIE,OPEL,507
DOLNOŚLĄSKIE,PEUGEOT,275
DOLNOŚLĄSKIE,PEUGEOT/CARPOL,4
DOLNOŚLĄSKIE,POLESTAR,2
DOLNOŚLĄSKIE,PORSCHE,60
DOLNOŚLĄSKIE,RENAULT,267
DOLNOŚLĄSKIE,RENAULT/CARPOL,2
DOLNOŚLĄSKIE,ROLLS-ROYCE,1
DOLNOŚLĄSKIE,ROVER,1
DOLNOŚLĄSKIE,SAAB,2
DOLNOŚLĄSKIE,SEAT,187
DOLNOŚLĄSKIE,SKODA,487
DOLNOŚLĄSKIE,SMART,15
DOLNOŚLĄSKIE,SPARTAN,1
DOLNOŚLĄSKIE,SSANGYONG,8
DOLNOŚLĄSKIE,SUBARU,43
DOLNOŚLĄSKIE,SUZUKI,119
DOLNOŚLĄSKIE,TESLA,18
DOLNOŚLĄSKIE,TOYOTA,1110
DOLNOŚLĄSKIE,TOYOTA/STEELER,1
DOLNOŚLĄSKIE,VOLKSWAGEN,940
DOLNOŚLĄSKIE,VOLVO,198
KUJAWSKO-POMORSKIE,ALFA ROMEO,11
KUJAWSKO-POMORSKIE,ASTON MARTIN,1
KUJAWSKO-POMORSKIE,AUDI,382
KUJAWSKO-POMORSKIE,BAIC,2
KUJAWSKO-POMORSKIE,BMW,268
KUJAWSKO-POMORSKIE,BMW I,1
KUJAWSKO-POMORSKIE,BYD,10
KUJAWSKO-POMORSKIE,CHEVROLET,24
KUJAWSKO-POMORSKIE,CHRYSLER,7
KUJAWSKO-POMORSKIE,CITROEN,141
KUJAWSKO-POMORSKIE,CITROEN/CARPOL,1
KUJAWSKO-POMORSKIE,CUPRA,51
KUJAWSKO-POMORSKIE,DACIA,96
KUJAWSKO-POMORSKIE,DAEWOO,1
KUJAWSKO-POMORSKIE,DAIHATSU,6
KUJAWSKO-POMORSKIE,DAIMLERCHRYSLER,10
KUJAWSKO-POMORSKIE,DODGE,24
KUJAWSKO-POMORSKIE,DS,4
KUJAWSKO-POMORSKIE,FERRARI,1
KUJAWSKO-POMORSKIE,FIAT,57
KUJAWSKO-POMORSKIE,FORD,412
KUJAWSKO-POMORSKIE,FORD/GERMAZ,1
KUJAWSKO-POMORSKIE,FORD-CNG-TECHNIK,1
KUJAWSKO-POMORSKIE,FSO,1
KUJAWSKO-POMORSKIE,HONDA,44
KUJAWSKO-POMORSKIE,HYUNDAI,260
KUJAWSKO-POMORSKIE,INFINITI,1
KUJAWSKO-POMORSKIE,INFINITY,1
KUJAWSKO-POMORSKIE,INNA MARKA,1
KUJAWSKO-POMORSKIE,JAECOO,13
KUJAWSKO-POMORSKIE,JAGUAR,6
KUJAWSKO-POMORSKIE,JAGUAR LAND ROVER LIMITED,1
KUJAWSKO-POMORSKIE,JEEP,29
KUJAWSKO-POMORSKIE,KG MOBILITY,1
KUJAWSKO-POMORSKIE,KIA,232
KUJAWSKO-POMORSKIE,LANCIA,2
KUJAWSKO-POMORSKIE,LAND ROVER,23
KUJAWSKO-POMORSKIE,LEXUS,69
KUJAWSKO-POMORSKIE,MASERATI,5
KUJAWSKO-POMORSKIE,MAZDA,78
KUJAWSKO-POMORSKIE,MERCEDES-BENZ,195
KUJAWSKO-POMORSKIE,MG,36
KUJAWSKO-POMORSKIE,MINI,26
KUJAWSKO-POMORSKIE,MITSUBISHI,56
KUJAWSKO-POMORSKIE,NISSAN,135
KUJAWSKO-POMORSKIE,OMODA,21
KUJAWSKO-POMORSKIE,OPEL,468
KUJAWSKO-POMORSKIE,PEUGEOT,183
KUJAWSKO-POMORSKIE,POLESTAR,1
KUJAWSKO-POMORSKIE,PONTIAC,3
KUJAWSKO-POMORSKIE,PORSCHE,23
KUJAWSKO-POMORSKIE,RAM,2
KUJAWSKO-POMORSKIE,RENAULT,196
KUJAWSKO-POMORSKIE,RENAULT/CARPOL,1
KUJAWSKO-POMORSKIE,SAAB,2
KUJAWSKO-POMORSKIE,SEAT,109
KUJAWSKO-POMORSKIE,SKODA,294
KUJAWSKO-POMORSKIE,SMART,3
KUJAWSKO-POMORSKIE,SSANGYONG,12
KUJAWSKO-POMORSKIE,SUBARU,9
KUJAWSKO-POMORSKIE,SUZUKI,63
KUJAWSKO-POMORSKIE,TESLA,5
KUJAWSKO-POMORSKIE,TOYOTA,405
KUJAWSKO-POMORSKIE,TRABANT,1
KUJAWSKO-POMORSKIE,UAZ,1
KUJAWSKO-POMORSKIE,VAUXHALL,1
KUJAWSKO-POMORSKIE,VOLKSWAGEN,617
KUJAWSKO-POMORSKIE,VOLVO,154
LUBELSKIE,ALFA ROMEO,31
LUBELSKIE,ALLIED VEHICLES LTD,1
LUBELSKIE,AUDI,391
LUBELSKIE,BAIC,14
LUBELSKIE,BENTLEY,3
LUBELSKIE,BMW,255
LUBELSKIE,BUICK,1
LUBELSKIE,BYD,1
LUBELSKIE,CADILLAC,2
LUBELSKIE,CHEVROLET,30
LUBELSKIE,CHRYSLER,25
LUBELSKIE,CITROEN,168
LUBELSKIE,CITROEN/CARPOL,1
LUBELSKIE,CUPRA,23
LUBELSKIE,DACIA,70
LUBELSKIE,DAIHATSU,8
LUBELSKIE,DAIMLER-BENZ,1
LUBELSKIE,DAIMLERCHRYSLER,5
LUBELSKIE,DODGE,37
LUBELSKIE,DONGFENG,1
LUBELSKIE,FERRARI,1
LUBELSKIE,FIAT,47
LUBELSKIE,FORD,364
LUBELSKIE,FORD-CNG-TECHNIK,2
LUBELSKIE,FORTHING,6
LUBELSKIE,HONDA,74
LUBELSKIE,HYUNDAI,334
LUBELSKIE,INFINITI,3
LUBELSKIE,INFINITY,2
LUBELSKIE,JAECOO,12
LUBELSKIE,JAGUAR,6
LUBELSKIE,JAGUAR LAND ROVER LIMITED,1
LUBELSKIE,JEEP,94
LUBELSKIE,KG MOBILITY,1
LUBELSKIE,KIA,281
LUBELSKIE,LANCIA,4
LUBELSKIE,LAND ROVER,17
LUBELSKIE,LEXUS,81
LUBELSKIE,LINCOLN,2
LUBELSKIE,MASERATI,4
LUBELSKIE,MAZDA,71
LUBELSKIE,MERCEDES-AMG,1
LUBELSKIE,MERCEDES-BENZ,208
LUBELSKIE,MERCURY,1
LUBELSKIE,MG,37
LUBELSKIE,MINI,26
LUBELSKIE,MITSUBISHI,47
LUBELSKIE,NISSAN,126
LUBELSKIE,OMODA,12
LUBELSKIE,OPEL,323
LUBELSKIE,PEUGEOT,139
LUBELSKIE,PLYMOUTH,1
LUBELSKIE,PORSCHE,17
LUBELSKIE,RAM,2
LUBELSKIE,RENAULT,210
LUBELSKIE,RENAULT/CARPOL,1
LUBELSKIE,SAAB,5
LUBELSKIE,SEAT,88
LUBELSKIE,SKODA,177
LUBELSKIE,SMART,6
LUBELSKIE,SSANGYONG,7
LUBELSKIE,SUBARU,23
LUBELSKIE,SUZUKI,81
LUBELSKIE,TESLA,10
LUBELSKIE,TESLA MOTORS,1
LUBELSKIE,TOYOTA,373
LUBELSKIE,VAUXHALL,3
LUBELSKIE,VOLKSWAGEN,322
LUBELSKIE,VOLVO,283
LUBUSKIE,ACURA,1
LUBUSKIE,ALFA ROMEO,7
LUBUSKIE,ALLIED VEHICLES LTD,1
LUBUSKIE,ASTON MARTIN,1
LUBUSKIE,AUDI,233
LUBUSKIE,BAIC,19
LUBUSKIE,BMW,150
LUBUSKIE,BYD,2
LUBUSKIE,CHEVROLET,12
LUBUSKIE,CHRYSLER,4
LUBUSKIE,CITROEN,83
LUBUSKIE,CITROEN/CARPOL,1
LUBUSKIE,CUPRA,28
LUBUSKIE,DACIA,43
LUBUSKIE,DAIHATSU,3
LUBUSKIE,DAIMLERCHRYSLER,7
LUBUSKIE,DATSUN,1
LUBUSKIE,DFSK,1
LUBUSKIE,DODGE,9
LUBUSKIE,DS,1
LUBUSKIE,FIAT,34
LUBUSKIE,FORD,283
LUBUSKIE,FORD-CNG-TECHNIK,2
LUBUSKIE,FORTHING,8
LUBUSKIE,GM DAEWOO,1
LUBUSKIE,HONDA,51
LUBUSKIE,HYUNDAI,148
LUBUSKIE,JAECOO,19
LUBUSKIE,JAGUAR LAND ROVER,1
LUBUSKIE,JEEP,21
LUBUSKIE,KG MOBILITY,4
LUBUSKIE,KIA,99
LUBUSKIE,LANCIA,2
LUBUSKIE,LAND ROVER,4
LUBUSKIE,LEXUS,32
LUBUSKIE,MAZDA,57
LUBUSKIE,MERCEDES,2
LUBUSKIE,MERCEDES-BENZ,164
LUBUSKIE,MG,16
LUBUSKIE,MINI,14
LUBUSKIE,MITSUBISHI,35
LUBUSKIE,NISSAN,100
LUBUSKIE,OMODA,7
LUBUSKIE,OPEL,227
LUBUSKIE,PEUGEOT,108
LUBUSKIE,PORSCHE,8
LUBUSKIE,RENAULT,116
LUBUSKIE,RENAULT/CARPOL,2
LUBUSKIE,ROVER,1
LUBUSKIE,SAAB,3
LUBUSKIE,SEAT,70
LUBUSKIE,SKODA,193
LUBUSKIE,SMART,1
LUBUSKIE,SSANGYONG,8
LUBUSKIE,SUBARU,4
LUBUSKIE,SUZUKI,37
LUBUSKIE,TESLA,2
LUBUSKIE,TOYOTA,269
LUBUSKIE,VOLKSWAGEN,499
LUBUSKIE,VOLKSWAGEN/CARPOL,1
LUBUSKIE,VOLVO,70
ŁÓDZKIE,ALFA ROMEO,43
ŁÓDZKIE,ALPINA,1
ŁÓDZKIE,ASTON MARTIN,1
ŁÓDZKIE,AUDI,368
ŁÓDZKIE,BAIC,11
ŁÓDZKIE,BENTLEY,1
ŁÓDZKIE,BMW,323
ŁÓDZKIE,BYD,7
ŁÓDZKIE,CADILLAC,1
ŁÓDZKIE,CHEVROLET,41
ŁÓDZKIE,CHRYSLER,19
ŁÓDZKIE,CITROEN,157
ŁÓDZKIE,CUPRA,71
ŁÓDZKIE,DACIA,96
ŁÓDZKIE,DAIHATSU,12
ŁÓDZKIE,DAIMLERCHRYSLER,3
ŁÓDZKIE,DODGE,30
ŁÓDZKIE,DS,10
ŁÓDZKIE,FENGON,1
ŁÓDZKIE,FIAT,93
ŁÓDZKIE,FORD,390
ŁÓDZKIE,FORD-CNG-TECHNIK,4
ŁÓDZKIE,FORTHING,2
ŁÓDZKIE,HONDA,98
ŁÓDZKIE,HYUNDAI,386
ŁÓDZKIE,INEOS,1
ŁÓDZKIE,INFINITI,2
ŁÓDZKIE,JAECOO,29
ŁÓDZKIE,JAGUAR,5
ŁÓDZKIE,JEEP,72
ŁÓDZKIE,KIA,384
ŁÓDZKIE,LANCIA,2
ŁÓDZKIE,LAND ROVER,18
ŁÓDZKIE,LEXUS,103
ŁÓDZKIE,LYNK & CO,1
ŁÓDZKIE,MASERATI,5
ŁÓDZKIE,MAZDA,104
ŁÓDZKIE,MERCEDES,1
ŁÓDZKIE,MERCEDES-AMG,1
ŁÓDZKIE,MERCEDES-BENZ,238
ŁÓDZKIE,MG,57
ŁÓDZKIE,MINI,20
ŁÓDZKIE,MITSUBISHI,91
ŁÓDZKIE,MORGAN,1
ŁÓDZKIE,NISSAN,152
ŁÓDZKIE,OLDSMOBILE,2
ŁÓDZKIE,OMODA,27
ŁÓDZKIE,OPEL,435
ŁÓDZKIE,PEUGEOT,197
ŁÓDZKIE,POLESTAR,1
ŁÓDZKIE,PONTIAC,1
ŁÓDZKIE,PORSCHE,17
ŁÓDZKIE,RAM,8
ŁÓDZKIE,RENAULT,251
ŁÓDZKIE,RENAULT/CARPOL,1
ŁÓDZKIE,SAAB,1
ŁÓDZKIE,SEAT,101
ŁÓDZKIE,SKODA,341
ŁÓDZKIE,SMART,3
ŁÓDZKIE,SSANGYONG,5
ŁÓDZKIE,SUBARU,25
ŁÓDZKIE,SUZUKI,81
ŁÓDZKIE,TESLA,15
ŁÓDZKIE,TOYOTA,510
ŁÓDZKIE,VAUXHALL,2
ŁÓDZKIE,VOLKSWAGEN,493
ŁÓDZKIE,VOLVO,204
MAŁOPOLSKIE,ALFA ROMEO,59
MAŁOPOLSKIE,ALLIED VEHICLES LTD,1
MAŁOPOLSKIE,ALPINA,2
MAŁOPOLSKIE,ASTON MARTIN,1
MAŁOPOLSKIE,AUDI,691
MAŁOPOLSKIE,BAIC,32
MAŁOPOLSKIE,BENTLEY,1
MAŁOPOLSKIE,BMW,456
MAŁOPOLSKIE,BMW I,2
MAŁOPOLSKIE,BUICK,3
MAŁOPOLSKIE,BYD,6
MAŁOPOLSKIE,CADILLAC,3
MAŁOPOLSKIE,CHEVROLET,45
MAŁOPOLSKIE,CHRYSLER,24
MAŁOPOLSKIE,CITROEN,198
MAŁOPOLSKIE,CUPRA,123
MAŁOPOLSKIE,DACIA,148
MAŁOPOLSKIE,DAIHATSU,10
MAŁOPOLSKIE,DAIMLERCHRYSLER,6
MAŁOPOLSKIE,DATSUN,1
MAŁOPOLSKIE,DODGE,39
MAŁOPOLSKIE,DR,1
MAŁOPOLSKIE,DS,20
MAŁOPOLSKIE,FIAT,243
MAŁOPOLSKIE,FIAT/CARPOL,1
MAŁOPOLSKIE,FORD,620
MAŁOPOLSKIE,FORD/FC AUTO SYSTEM,1
MAŁOPOLSKIE,FORD-CNG-TECHNIK,3
MAŁOPOLSKIE,FORTHING,6
MAŁOPOLSKIE,FSO-WARSZAWA,1
MAŁOPOLSKIE,HONDA,115
MAŁOPOLSKIE,HYUNDAI,403
MAŁOPOLSKIE,INFINITI,7
MAŁOPOLSKIE,INFINITY,1
MAŁOPOLSKIE,JAECOO,27
MAŁOPOLSKIE,JAGUAR,21
MAŁOPOLSKIE,JEEP,134
MAŁOPOLSKIE,KG MOBILITY,7
MAŁOPOLSKIE,KIA,452
MAŁOPOLSKIE,LANCIA,20
MAŁOPOLSKIE,LAND ROVER,33
MAŁOPOLSKIE,LEXUS,235
MAŁOPOLSKIE,MASERATI,8
MAŁOPOLSKIE,MAYBACH,1
MAŁOPOLSKIE,MAZDA,139
MAŁOPOLSKIE,MERCEDES-AMG,5
MAŁOPOLSKIE,MERCEDES-BENZ,374
MAŁOPOLSKIE,MG,50
MAŁOPOLSKIE,MG ROEWE,1
MAŁOPOLSKIE,MINI,47
MAŁOPOLSKIE,MITSUBISHI,78
MAŁOPOLSKIE,NISSAN,208
MAŁOPOLSKIE,OMODA,18
MAŁOPOLSKIE,OPEL,520
MAŁOPOLSKIE,OPEL/CARPOL,2
MAŁOPOLSKIE,PEUGEOT,288
MAŁOPOLSKIE,PEUGEOT/CARPOL,1
MAŁOPOLSKIE,POLSKI FIAT,1
MAŁOPOLSKIE,PONTIAC,1
MAŁOPOLSKIE,PORSCHE,66
MAŁOPOLSKIE,RAM,7
MAŁOPOLSKIE,RENAULT,354
MAŁOPOLSKIE,RENAULT/CARPOL,4
MAŁOPOLSKIE,ROVER,2
MAŁOPOLSKIE,SAAB,6
MAŁOPOLSKIE,SEAT,227
MAŁOPOLSKIE,SKODA,392
MAŁOPOLSKIE,SMART,12
MAŁOPOLSKIE,SSANGYONG,17
MAŁOPOLSKIE,STEYR FIAT,1
MAŁOPOLSKIE,SUBARU,52
MAŁOPOLSKIE,SUZUKI,266
MAŁOPOLSKIE,TESLA,14
MAŁOPOLSKIE,TOYOTA,1096
MAŁOPOLSKIE,TOYOTA/CARPOL,3
MAŁOPOLSKIE,VOLKSWAGEN,678
MAŁOPOLSKIE,VOLKSWAGEN/CARPOL,1
MAŁOPOLSKIE,VOLVO,289
MAŁOPOLSKIE,ZASTAVA,1
MAZOWIECKIE,ABARTH,2
MAZOWIECKIE,ACURA,5
MAZOWIECKIE,ALFA ROMEO,98
MAZOWIECKIE,ALLIED VEHICLES LTD,2
MAZOWIECKIE,ALPINA,1
MAZOWIECKIE,ASTON MARTIN,6
MAZOWIECKIE,AUDI,1485
MAZOWIECKIE,AUSTIN/ROVER,1
MAZOWIECKIE,BAIC,40
MAZOWIECKIE,BMC,1
MAZOWIECKIE,BMW,1255
MAZOWIECKIE,BMW I,1
MAZOWIECKIE,BUICK,11
MAZOWIECKIE,BYD,48
MAZOWIECKIE,CADILLAC,3
MAZOWIECKIE,CHEVROLET,73
MAZOWIECKIE,CHRYSLER,139
MAZOWIECKIE,CITROEN,381
MAZOWIECKIE,CITROEN/CARPOL,1
MAZOWIECKIE,CUPRA,248
MAZOWIECKIE,DACIA,389
MAZOWIECKIE,DAIHATSU,8
MAZOWIECKIE,DAIMLERCHRYSLER,7
MAZOWIECKIE,DFSK,1
MAZOWIECKIE,DODGE,98
MAZOWIECKIE,DR,1
MAZOWIECKIE,DS,19
MAZOWIECKIE,EUNOS,1
MAZOWIECKIE,FERRARI,2
MAZOWIECKIE,FIAT,218
MAZOWIECKIE,FIAT/CARPOL,1
MAZOWIECKIE,FORD,1176
MAZOWIECKIE,FORD/FC AUTO SYSTEM,2
MAZOWIECKIE,FORD/GERMAZ,1
MAZOWIECKIE,FORD-CNG-TECHNIK,3
MAZOWIECKIE,FORTHING,8
MAZOWIECKIE,GAZ,1
MAZOWIECKIE,GMC,5
MAZOWIECKIE,HONDA,243
MAZOWIECKIE,HONGQI,2
MAZOWIECKIE,HUMMER,3
MAZOWIECKIE,HYUNDAI,1090
MAZOWIECKIE,INEOS,1
MAZOWIECKIE,INFINITI,6
MAZOWIECKIE,INFINITY,1
MAZOWIECKIE,IVECO,1
MAZOWIECKIE,JAECOO,51
MAZOWIECKIE,JAGUAR,43
MAZOWIECKIE,JEEP,186
MAZOWIECKIE,KG MOBILITY,1
MAZOWIECKIE,KIA,1186
MAZOWIECKIE,LAMBORGHINI,2
MAZOWIECKIE,LANCIA,17
MAZOWIECKIE,LAND ROVER,128
MAZOWIECKIE,LEXUS,676
MAZOWIECKIE,LINCOLN,3
MAZOWIECKIE,LYNK & CO,1
MAZOWIECKIE,MAN/V-VAN,2
MAZOWIECKIE,MASERATI,18
MAZOWIECKIE,MAZDA,299
MAZOWIECKIE,MERCEDES,1
MAZOWIECKIE,MERCEDES-AMG,4
MAZOWIECKIE,MERCEDES-BENZ,1203
MAZOWIECKIE,MERCURY,1
MAZOWIECKIE,MERCUS,1
MAZOWIECKIE,MG,232
MAZOWIECKIE,MG ROEWE,2
MAZOWIECKIE,MINI,144
MAZOWIECKIE,MITSUBISHI,128
MAZOWIECKIE,MNI,1
MAZOWIECKIE,MORGAN,1
MAZOWIECKIE,NISSAN,473
MAZOWIECKIE,OMODA,27
MAZOWIECKIE,OPEL,867
MAZOWIECKIE,OPEL/CARPOL,1
MAZOWIECKIE,PEUGEOT,644
MAZOWIECKIE,PEUGEOT/CARPOL,7
MAZOWIECKIE,POLESTAR,1
MAZOWIECKIE,PONTIAC,1
MAZOWIECKIE,PORSCHE,157
MAZOWIECKIE,RAM,7
MAZOWIECKIE,RENAULT,695
MAZOWIECKIE,RENAULT/CARPOL,45
MAZOWIECKIE,SAAB,13
MAZOWIECKIE,SANTANA,1
MAZOWIECKIE,SEAT,266
MAZOWIECKIE,SKODA,1571
MAZOWIECKIE,SMART,17
MAZOWIECKIE,SSANGYONG,65
MAZOWIECKIE,STUDEBAKER,1
MAZOWIECKIE,SUBARU,65
MAZOWIECKIE,SUZUKI,251
MAZOWIECKIE,TATRA,1
MAZOWIECKIE,TESLA,83
MAZOWIECKIE,TOYOTA,3424
MAZOWIECKIE,TOYOTA/CARPOL,2
MAZOWIECKIE,TOYOTA/STEELER,1
MAZOWIECKIE,TRUMPCHI,2
MAZOWIECKIE,VOLKSWAGEN,1536
MAZOWIECKIE,VOLVO,942
MAZOWIECKIE,VW WESTFALIA,1
MAZOWIECKIE,ZEEKR,2
OPOLSKIE,ALFA ROMEO,11
OPOLSKIE,ALPINA,1
OPOLSKIE,AUDI,186
OPOLSKIE,BAIC,10
OPOLSKIE,BMW,110
OPOLSKIE,BYD,1
OPOLSKIE,CADILLAC,1
OPOLSKIE,CHEVROLET,4
OPOLSKIE,CHRYSLER,10
OPOLSKIE,CITROEN,56
OPOLSKIE,CUPRA,25
OPOLSKIE,DACIA,25
OPOLSKIE,DAEWOO,1
OPOLSKIE,DAIHATSU,2
OPOLSKIE,DAIMLERCHRYSLER,5
OPOLSKIE,DODGE,15
OPOLSKIE,DS,4
OPOLSKIE,FIAT,53
OPOLSKIE,FORD,211
OPOLSKIE,FORTHING,6
OPOLSKIE,HONDA,7
OPOLSKIE,HYUNDAI,110
OPOLSKIE,INFINITI,1
OPOLSKIE,JAECOO,18
OPOLSKIE,JAGUAR,7
OPOLSKIE,JAGUAR LAND ROVER,1
OPOLSKIE,JEEP,20
OPOLSKIE,KIA,85
OPOLSKIE,LAMBORGHINI,1
OPOLSKIE,LAND ROVER,7
OPOLSKIE,LEXUS,33
OPOLSKIE,LINCOLN,1
OPOLSKIE,MAZDA,34
OPOLSKIE,MERCEDES,3
OPOLSKIE,MERCEDES-BENZ,116
OPOLSKIE,MG,9
OPOLSKIE,MINI,12
OPOLSKIE,MITSUBISHI,11
OPOLSKIE,NISSAN,59
OPOLSKIE,OMODA,11
OPOLSKIE,OPEL,171
OPOLSKIE,OPEL/CARPOL,1
OPOLSKIE,PEUGEOT,52
OPOLSKIE,PORSCHE,16
OPOLSKIE,RAM,2
OPOLSKIE,RENAULT,56
OPOLSKIE,RENAULT/CARPOL,5
OPOLSKIE,SEAT,78
OPOLSKIE,SKODA,182
OPOLSKIE,SMART,2
OPOLSKIE,SSANGYONG,4
OPOLSKIE,SUBARU,2
OPOLSKIE,SUZUKI,37
OPOLSKIE,TESLA,4
OPOLSKIE,TOYOTA,137
OPOLSKIE,TOYOTA/STEELER,1
OPOLSKIE,VAUXHALL,1
OPOLSKIE,VOLKSWAGEN,316
OPOLSKIE,VOLVO,27
PODKARPACKIE,ALFA ROMEO,26
PODKARPACKIE,ASTON MARTIN,4
PODKARPACKIE,AUDI,400
PODKARPACKIE,BAIC,10
PODKARPACKIE,BMW,236
PODKARPACKIE,BUICK,5
PODKARPACKIE,BYD,3
PODKARPACKIE,CHEVROLET,31
PODKARPACKIE,CHRYSLER,18
PODKARPACKIE,CITROEN,164
PODKARPACKIE,CUPRA,34
PODKARPACKIE,DACIA,82
PODKARPACKIE,DAEWOO,3
PODKARPACKIE,DAIHATSU,5
PODKARPACKIE,DAIMLERCHRYSLER,3
PODKARPACKIE,DODGE,27
PODKARPACKIE,DS,9
PODKARPACKIE,FIAT,151
PODKARPACKIE,FORD,395
PODKARPACKIE,FORD-CNG-TECHNIK,5
PODKARPACKIE,FORTHING,8
PODKARPACKIE,HONDA,115
PODKARPACKIE,HYUNDAI,335
PODKARPACKIE,INFINITI,1
PODKARPACKIE,JAECOO,5
PODKARPACKIE,JAGUAR,11
PODKARPACKIE,JEEP,82
PODKARPACKIE,KG MOBILITY,3
PODKARPACKIE,KIA,257
PODKARPACKIE,LAMBORGHINI,2
PODKARPACKIE,LANCIA,7
PODKARPACKIE,LAND ROVER,17
PODKARPACKIE,LEXUS,75
PODKARPACKIE,MASERATI,6
PODKARPACKIE,MAZDA,81
PODKARPACKIE,MCC,1
PODKARPACKIE,MERCEDES,1
PODKARPACKIE,MERCEDES-AMG,1
PODKARPACKIE,MERCEDES-BENZ,214
PODKARPACKIE,MG,33
PODKARPACKIE,MINI,19
PODKARPACKIE,MITSUBISHI,75
PODKARPACKIE,NISSAN,131
PODKARPACKIE,OMODA,7
PODKARPACKIE,OPEL,390
PODKARPACKIE,PEUGEOT,225
PODKARPACKIE,PEUGEOT/CARPOL,1
PODKARPACKIE,PONTIAC,1
PODKARPACKIE,PORSCHE,19
PODKARPACKIE,RAM,6
PODKARPACKIE,RENAULT,238
PODKARPACKIE,RENAULT/CARPOL,1
PODKARPACKIE,ROLLS-ROYCE,1
PODKARPACKIE,SEAT,113
PODKARPACKIE,SKODA,165
PODKARPACKIE,SMART,16
PODKARPACKIE,SOVAB,1
PODKARPACKIE,SSANGYONG,12
PODKARPACKIE,SUBARU,21
PODKARPACKIE,SUZUKI,121
PODKARPACKIE,TATA,1
PODKARPACKIE,TESLA,10
PODKARPACKIE,TOYOTA,440
PODKARPACKIE,VAUXHALL,2
PODKARPACKIE,VOLKSWAGEN,347
PODKARPACKIE,VOLVO,141
PODKARPACKIE,WARTBURG,1
PODKARPACKIE,WILLYS,1
PODLASKIE,ALFA ROMEO,7
PODLASKIE,AUDI,201
PODLASKIE,BAIC,8
PODLASKIE,BENTLEY,1
PODLASKIE,BMW,168
PODLASKIE,BUICK,6
PODLASKIE,BYD,3
PODLASKIE,CADILLAC,2
PODLASKIE,CHANGAN,1
PODLASKIE,CHEVROLET,16
PODLASKIE,CHRYSLER,43
PODLASKIE,CITROEN,49
PODLASKIE,CUPRA,16
PODLASKIE,DACIA,43
PODLASKIE,DAIHATSU,2
PODLASKIE,DAIMLERCHRYSLER,1
PODLASKIE,DODGE,46
PODLASKIE,FERRARI,1
PODLASKIE,FIAT,36
PODLASKIE,FORD,187
PODLASKIE,GAZ,1
PODLASKIE,GMC,1
PODLASKIE,HONDA,56
PODLASKIE,HYUNDAI,157
PODLASKIE,INFINITI,4
PODLASKIE,JAECOO,7
PODLASKIE,JAGUAR,8
PODLASKIE,JEEP,71
PODLASKIE,KG MOBILITY,2
PODLASKIE,KIA,179
PODLASKIE,LAND ROVER,10
PODLASKIE,LEXUS,52
PODLASKIE,LINCOLN,1
PODLASKIE,MAZDA,55
PODLASKIE,MERCEDES,1
PODLASKIE,MERCEDES-BENZ,121
PODLASKIE,MG,47
PODLASKIE,MINI,10
PODLASKIE,MITSUBISHI,29
PODLASKIE,NISSAN,75
PODLASKIE,OMODA,5
PODLASKIE,OPEL,155
PODLASKIE,PEUGEOT,69
PODLASKIE,PORSCHE,24
PODLASKIE,RAM,9
PODLASKIE,RENAULT,61
PODLASKIE,SAAB,1
PODLASKIE,SEAT,48
PODLASKIE,SKODA,75
PODLASKIE,SMART,2
PODLASKIE,SSANGYONG,5
PODLASKIE,SUBARU,18
PODLASKIE,SUZUKI,38
PODLASKIE,TESLA,3
PODLASKIE,TOYOTA,268
PODLASKIE,VOLKSWAGEN,178
PODLASKIE,VOLKSWAGEN/CARPOL,2
PODLASKIE,VOLVO,120
POMORSKIE,ACURA,1
POMORSKIE,ALFA,1
POMORSKIE,ALFA ROMEO,23
POMORSKIE,ALPINA,1
POMORSKIE,ASTON MARTIN,1
POMORSKIE,AUDI,570
POMORSKIE,BAIC,22
POMORSKIE,BENTLEY,3
POMORSKIE,BMW,316
POMORSKIE,BYD,33
POMORSKIE,CADILLAC,4
POMORSKIE,CHEVROLET,24
POMORSKIE,CHRYSLER,36
POMORSKIE,CITROEN,123
POMORSKIE,CITROEN/CARPOL,1
POMORSKIE,CUPRA,113
POMORSKIE,DACIA,104
POMORSKIE,DAIHATSU,1
POMORSKIE,DAIMLER-BENZ,2
POMORSKIE,DAIMLERCHRYSLER,9
POMORSKIE,DODGE,30
POMORSKIE,DS,14
POMORSKIE,FERRARI,1
POMORSKIE,FIAT,67
POMORSKIE,FORD,522
POMORSKIE,FORD-CNG-TECHNIK,1
POMORSKIE,FORTHING,5
POMORSKIE,GAZ,1
POMORSKIE,HONDA,58
POMORSKIE,HYUNDAI,346
POMORSKIE,INFINITI,1
POMORSKIE,JAECOO,17
POMORSKIE,JAGUAR,6
POMORSKIE,JAGUAR LAND ROVER,1
POMORSKIE,JEEP,74
POMORSKIE,KG MOBILITY,5
POMORSKIE,KIA,301
POMORSKIE,LANCIA,2
POMORSKIE,LAND ROVER,25
POMORSKIE,LEXUS,126
POMORSKIE,MASERATI,1
POMORSKIE,MAZDA,95
POMORSKIE,MERCEDES-AMG,2
POMORSKIE,MERCEDES-BENZ,323
POMORSKIE,MERCESES-BENZ,1
POMORSKIE,MG,62
POMORSKIE,MINI,30
POMORSKIE,MITSUBISHI,39
POMORSKIE,NISSAN,134
POMORSKIE,OMODA,10
POMORSKIE,OPEL,277
POMORSKIE,OPEL/CARPOL,1
POMORSKIE,PEUGEOT,143
POMORSKIE,PEUGEOT/CARPOL,1
POMORSKIE,PONTIAC,1
POMORSKIE,PORSCHE,51
POMORSKIE,RAM,4
POMORSKIE,RENAULT,144
POMORSKIE,RENAULT/CARPOL,3
POMORSKIE,ROVER,1
POMORSKIE,SAAB,2
POMORSKIE,SEAT,152
POMORSKIE,SKODA,765
POMORSKIE,SMART,5
POMORSKIE,SSANG YONG,1
POMORSKIE,SSANGYONG,15
POMORSKIE,SUBARU,20
POMORSKIE,SUZUKI,72
POMORSKIE,TESLA,15
POMORSKIE,TOYOTA,705
POMORSKIE,VOLKSWAGEN,776
POMORSKIE,VOLVO,193
POMORSKIE,ZAZ,1
ŚLĄSKIE,ALFA ROMEO,72
ŚLĄSKIE,AUDI,681
ŚLĄSKIE,AUSTIN,1
ŚLĄSKIE,AUTOBIANCHI,1
ŚLĄSKIE,BAIC,17
ŚLĄSKIE,BMW,619
ŚLĄSKIE,BUICK,1
ŚLĄSKIE,BYD,13
ŚLĄSKIE,CADILLAC,1
ŚLĄSKIE,CHEVROLET,62
ŚLĄSKIE,CHRYSLER,17
ŚLĄSKIE,CITROEN,267
ŚLĄSKIE,CUPRA,150
ŚLĄSKIE,DACIA,188
ŚLĄSKIE,DAIHATSU,3
ŚLĄSKIE,DAIMLER-BENZ,1
ŚLĄSKIE,DAIMLERCHRYSLER,7
ŚLĄSKIE,DATSUN,1
ŚLĄSKIE,DODGE,31
ŚLĄSKIE,DS,12
ŚLĄSKIE,FERRARI,2
ŚLĄSKIE,FIAT,287
ŚLĄSKIE,FORD,768
ŚLĄSKIE,FORD/FORD POLSKA,1
ŚLĄSKIE,FORTHING,12
ŚLĄSKIE,GAZ,1
ŚLĄSKIE,HONDA,109
ŚLĄSKIE,HUMMER,1
ŚLĄSKIE,HYUNDAI,570
ŚLĄSKIE,INFINITI,3
ŚLĄSKIE,INFINITY,1
ŚLĄSKIE,JAECOO,53
ŚLĄSKIE,JAGUAR,19
ŚLĄSKIE,JEEP,114
ŚLĄSKIE,KG MOBILITY,5
ŚLĄSKIE,KIA,612
ŚLĄSKIE,LADA,2
ŚLĄSKIE,LAMBORGHINI,1
ŚLĄSKIE,LANCIA,4
ŚLĄSKIE,LAND ROVER,40
ŚLĄSKIE,LEXUS,198
ŚLĄSKIE,LINCOLN,1
ŚLĄSKIE,MASERATI,5
ŚLĄSKIE,MAZDA,190
ŚLĄSKIE,MERCEDES,1
ŚLĄSKIE,MERCEDES-AMG,4
ŚLĄSKIE,MERCEDES-BENZ,435
ŚLĄSKIE,MERCURY,1
ŚLĄSKIE,MG,145
ŚLĄSKIE,MINI,52
ŚLĄSKIE,MITSUBISHI,87
ŚLĄSKIE,NISSAN,237
ŚLĄSKIE,OMODA,64
ŚLĄSKIE,OPEL,671
ŚLĄSKIE,OPEL/CARPOL,1
ŚLĄSKIE,PEUGEOT,350
ŚLĄSKIE,PEUGEOT/CARPOL,1
ŚLĄSKIE,PONTIAC,1
ŚLĄSKIE,PORSCHE,46
ŚLĄSKIE,RAM,3
ŚLĄSKIE,RENAULT,394
ŚLĄSKIE,RENAULT/CARPOL,2
ŚLĄSKIE,ROVER,3
ŚLĄSKIE,SAAB,3
ŚLĄSKIE,SEAT,260
ŚLĄSKIE,SKODA,603
ŚLĄSKIE,SMART,13
ŚLĄSKIE,SSANGYONG,27
ŚLĄSKIE,SUBARU,37
ŚLĄSKIE,SUZUKI,179
ŚLĄSKIE,TESLA,25
ŚLĄSKIE,TOYOTA,1154
ŚLĄSKIE,TOYOTA/CARPOL,3
ŚLĄSKIE,VAUXHALL,2
ŚLĄSKIE,VOLKSWAGEN,999
ŚLĄSKIE,VOLKSWAGEN/V-VAN,1
ŚLĄSKIE,VOLVO,304
ŚWIĘTOKRZYSKIE,ALFA ROMEO,15
ŚWIĘTOKRZYSKIE,AUDI,222
ŚWIĘTOKRZYSKIE,BAIC,14
ŚWIĘTOKRZYSKIE,BERTONE,1
ŚWIĘTOKRZYSKIE,BMW,200
ŚWIĘTOKRZYSKIE,BYD,3
ŚWIĘTOKRZYSKIE,CADILLAC,1
ŚWIĘTOKRZYSKIE,CHEVROLET,16
ŚWIĘTOKRZYSKIE,CHRYSLER,3
ŚWIĘTOKRZYSKIE,CITROEN,94
ŚWIĘTOKRZYSKIE,CUPRA,28
ŚWIĘTOKRZYSKIE,DACIA,27
ŚWIĘTOKRZYSKIE,DAIHATSU,1
ŚWIĘTOKRZYSKIE,DAIMLERCHRYSLER,5
ŚWIĘTOKRZYSKIE,DODGE,16
ŚWIĘTOKRZYSKIE,DR,1
ŚWIĘTOKRZYSKIE,DS,4
ŚWIĘTOKRZYSKIE,FIAT,55
ŚWIĘTOKRZYSKIE,FORD,226
ŚWIĘTOKRZYSKIE,FORD-CNG-TECHNIK,1
ŚWIĘTOKRZYSKIE,FORTHING,2
ŚWIĘTOKRZYSKIE,HONDA,37
ŚWIĘTOKRZYSKIE,HYUNDAI,234
ŚWIĘTOKRZYSKIE,INFINITI,1
ŚWIĘTOKRZYSKIE,JAECOO,14
ŚWIĘTOKRZYSKIE,JAGUAR,4
ŚWIĘTOKRZYSKIE,JEEP,25
ŚWIĘTOKRZYSKIE,KG MOBILITY,1
ŚWIĘTOKRZYSKIE,KIA,191
ŚWIĘTOKRZYSKIE,LAND ROVER,10
ŚWIĘTOKRZYSKIE,LEXUS,70
ŚWIĘTOKRZYSKIE,LINCOLN,2
ŚWIĘTOKRZYSKIE,MASERATI,4
ŚWIĘTOKRZYSKIE,MAZDA,62
ŚWIĘTOKRZYSKIE,MERCEDES,2
ŚWIĘTOKRZYSKIE,MERCEDES-BENZ,102
ŚWIĘTOKRZYSKIE,MG,20
ŚWIĘTOKRZYSKIE,MINI,9
ŚWIĘTOKRZYSKIE,MITSUBISHI,32
ŚWIĘTOKRZYSKIE,NISSAN,87
ŚWIĘTOKRZYSKIE,OMODA,11
ŚWIĘTOKRZYSKIE,OPEL,251
ŚWIĘTOKRZYSKIE,PEUGEOT,117
ŚWIĘTOKRZYSKIE,PEUGEOT/CARPOL,2
ŚWIĘTOKRZYSKIE,PORSCHE,9
ŚWIĘTOKRZYSKIE,RAM,3
ŚWIĘTOKRZYSKIE,RENAULT,147
ŚWIĘTOKRZYSKIE,RENAULT/CARPOL,2
ŚWIĘTOKRZYSKIE,SEAT,77
ŚWIĘTOKRZYSKIE,SKODA,84
ŚWIĘTOKRZYSKIE,SMART,2
ŚWIĘTOKRZYSKIE,SSANGYONG,2
ŚWIĘTOKRZYSKIE,SSANGYONG KG MOBITITY,1
ŚWIĘTOKRZYSKIE,SUBARU,14
ŚWIĘTOKRZYSKIE,SUZUKI,67
ŚWIĘTOKRZYSKIE,TESLA,4
ŚWIĘTOKRZYSKIE,TOYOTA,229
ŚWIĘTOKRZYSKIE,VOLKSWAGEN,233
ŚWIĘTOKRZYSKIE,VOLKSWAGEN/CARPOL,3
ŚWIĘTOKRZYSKIE,VOLVO,88
ŚWIĘTOKRZYSKIE,WAZ,1
WARMIŃSKO-MAZURSKIE,ALFA ROMEO,12
WARMIŃSKO-MAZURSKIE,ALLIED VEHICLES LTD,1
WARMIŃSKO-MAZURSKIE,AUDI,247
WARMIŃSKO-MAZURSKIE,BAIC,2
WARMIŃSKO-MAZURSKIE,BENTLEY,1
WARMIŃSKO-MAZURSKIE,BMW,128
WARMIŃSKO-MAZURSKIE,BUICK,1
WARMIŃSKO-MAZURSKIE,CHEVROLET,22
WARMIŃSKO-MAZURSKIE,CHRYSLER,10
WARMIŃSKO-MAZURSKIE,CITROEN,82
WARMIŃSKO-MAZURSKIE,CITROEN/CARPOL,1
WARMIŃSKO-MAZURSKIE,CUPRA,40
WARMIŃSKO-MAZURSKIE,DACIA,103
WARMIŃSKO-MAZURSKIE,DAIHATSU,1
WARMIŃSKO-MAZURSKIE,DAIMLERCHRYSLER,1
WARMIŃSKO-MAZURSKIE,DODGE,14
WARMIŃSKO-MAZURSKIE,DS,3
WARMIŃSKO-MAZURSKIE,FIAT,30
WARMIŃSKO-MAZURSKIE,FORD,212
WARMIŃSKO-MAZURSKIE,HONDA,26
WARMIŃSKO-MAZURSKIE,HYUNDAI,180
WARMIŃSKO-MAZURSKIE,INFINITI,1
WARMIŃSKO-MAZURSKIE,JAECOO,3
WARMIŃSKO-MAZURSKIE,JAGUAR,2
WARMIŃSKO-MAZURSKIE,JEEP,33
WARMIŃSKO-MAZURSKIE,KIA,154
WARMIŃSKO-MAZURSKIE,LAND ROVER,12
WARMIŃSKO-MAZURSKIE,LEXUS,75
WARMIŃSKO-MAZURSKIE,LINCOLN,1
WARMIŃSKO-MAZURSKIE,MAZDA,29
WARMIŃSKO-MAZURSKIE,MERCEDES-BENZ,92
WARMIŃSKO-MAZURSKIE,MG,21
WARMIŃSKO-MAZURSKIE,MINI,4
WARMIŃSKO-MAZURSKIE,MITSUBISHI,26
WARMIŃSKO-MAZURSKIE,NISSAN,102
WARMIŃSKO-MAZURSKIE,OMODA,3
WARMIŃSKO-MAZURSKIE,OPEL,204
WARMIŃSKO-MAZURSKIE,PEUGEOT,81
WARMIŃSKO-MAZURSKIE,PEUGEOT/CARPOL,2
WARMIŃSKO-MAZURSKIE,POLESTAR,1
WARMIŃSKO-MAZURSKIE,PORSCHE,13
WARMIŃSKO-MAZURSKIE,RAM,6
WARMIŃSKO-MAZURSKIE,RENAULT,88
WARMIŃSKO-MAZURSKIE,RENAULT/CARPOL,3
WARMIŃSKO-MAZURSKIE,SAAB,1
WARMIŃSKO-MAZURSKIE,SEAT,52
WARMIŃSKO-MAZURSKIE,SKODA,124
WARMIŃSKO-MAZURSKIE,SMART,1
WARMIŃSKO-MAZURSKIE,SSANGYONG,5
WARMIŃSKO-MAZURSKIE,SUBARU,21
WARMIŃSKO-MAZURSKIE,SUZUKI,44
WARMIŃSKO-MAZURSKIE,TESLA,1
WARMIŃSKO-MAZURSKIE,TOYOTA,272
WARMIŃSKO-MAZURSKIE,TOYOTA/CARPOL,2
WARMIŃSKO-MAZURSKIE,VOLKSWAGEN,277
WARMIŃSKO-MAZURSKIE,VOLVO,81
WIELKOPOLSKIE,ABARTH,1
WIELKOPOLSKIE,ALFA ROMEO,56
WIELKOPOLSKIE,ASTON MARTIN,1
WIELKOPOLSKIE,AUDI,774
WIELKOPOLSKIE,BACAR,1
WIELKOPOLSKIE,BAIC,15
WIELKOPOLSKIE,BEAUFORD,1
WIELKOPOLSKIE,BENTLEY,3
WIELKOPOLSKIE,BMW,846
WIELKOPOLSKIE,BMW I,1
WIELKOPOLSKIE,BUICK,4
WIELKOPOLSKIE,BYD,15
WIELKOPOLSKIE,CADILLAC,1
WIELKOPOLSKIE,CHEVROLET,55
WIELKOPOLSKIE,CHRYSLER,23
WIELKOPOLSKIE,CITROEN,542
WIELKOPOLSKIE,CITROEN/CARPOL,1
WIELKOPOLSKIE,CUPRA,143
WIELKOPOLSKIE,DACIA,208
WIELKOPOLSKIE,DAEWOO,1
WIELKOPOLSKIE,DAIHATSU,11
WIELKOPOLSKIE,DAIMLER AG,1
WIELKOPOLSKIE,DAIMLERCHRYSLER,7
WIELKOPOLSKIE,DFSK,5
WIELKOPOLSKIE,DODGE,36
WIELKOPOLSKIE,DS,17
WIELKOPOLSKIE,FERRARI,2
WIELKOPOLSKIE,FIAT,295
WIELKOPOLSKIE,FIAT/CARPOL,1
WIELKOPOLSKIE,FORD,1059
WIELKOPOLSKIE,FORD-CNG-TECHNIK,1
WIELKOPOLSKIE,FORTHING,1
WIELKOPOLSKIE,FSR-POZNAŃ,1
WIELKOPOLSKIE,GMC,2
WIELKOPOLSKIE,HONDA,118
WIELKOPOLSKIE,HUMMER,2
WIELKOPOLSKIE,HYUNDAI,523
WIELKOPOLSKIE,INFINITI,4
WIELKOPOLSKIE,JAECOO,25
WIELKOPOLSKIE,JAGUAR,15
WIELKOPOLSKIE,JAGUAR LAND ROVER LIMITED,2
WIELKOPOLSKIE,JEEP,95
WIELKOPOLSKIE,KG MOBILITY,4
WIELKOPOLSKIE,KIA,406
WIELKOPOLSKIE,LADA,1
WIELKOPOLSKIE,LADA-VAZ,1
WIELKOPOLSKIE,LANCIA,31
WIELKOPOLSKIE,LAND ROVER,53
WIELKOPOLSKIE,LEXUS,213
WIELKOPOLSKIE,LINCOLN,3
WIELKOPOLSKIE,MASERATI,2
WIELKOPOLSKIE,MAYBACH,1
WIELKOPOLSKIE,MAZDA,185
WIELKOPOLSKIE,MERCEDES,2
WIELKOPOLSKIE,MERCEDES/AUTOMET,1
WIELKOPOLSKIE,MERCEDES-AMG,1
WIELKOPOLSKIE,MERCEDES-BENZ,669
WIELKOPOLSKIE,MERCEDES-BENZ/MRC,1
WIELKOPOLSKIE,MG,130
WIELKOPOLSKIE,MINI,50
WIELKOPOLSKIE,MITSUBISHI,83
WIELKOPOLSKIE,MORGAN,1
WIELKOPOLSKIE,NISSAN,318
WIELKOPOLSKIE,OMODA,24
WIELKOPOLSKIE,OPEL,836
WIELKOPOLSKIE,OPEL/CARPOL,2
WIELKOPOLSKIE,PEUGEOT,821
WIELKOPOLSKIE,PEUGEOT/CARPOL,5
WIELKOPOLSKIE,PLYMOUTH,1
WIELKOPOLSKIE,PORSCHE,83
WIELKOPOLSKIE,RAM,1
WIELKOPOLSKIE,RENAULT,668
WIELKOPOLSKIE,RENAULT/CARPOL,3
WIELKOPOLSKIE,ROLLS-ROYCE,3
WIELKOPOLSKIE,ROVER,1
WIELKOPOLSKIE,SAAB,2
WIELKOPOLSKIE,SALMSON,1
WIELKOPOLSKIE,SEAT,258
WIELKOPOLSKIE,SKODA,701
WIELKOPOLSKIE,SMART,30
WIELKOPOLSKIE,SSANGYONG,8
WIELKOPOLSKIE,SSANGYONG KG MOBILITY,1
WIELKOPOLSKIE,SUBARU,11
WIELKOPOLSKIE,SUZUKI,145
WIELKOPOLSKIE,SWM,1
WIELKOPOLSKIE,TESLA,22
WIELKOPOLSKIE,TOYOTA,967
WIELKOPOLSKIE,VOLKSWAGEN,1479
WIELKOPOLSKIE,VOLVO,321
ZACHODNIOPOMORSKIE,ALFA ROMEO,12
ZACHODNIOPOMORSKIE,AUDI,269
ZACHODNIOPOMORSKIE,BAIC,8
ZACHODNIOPOMORSKIE,BMW,228
ZACHODNIOPOMORSKIE,BUICK,2
ZACHODNIOPOMORSKIE,BYD,2
ZACHODNIOPOMORSKIE,CADILLAC,2
ZACHODNIOPOMORSKIE,CHEVROLET,14
ZACHODNIOPOMORSKIE,CHRYSLER,10
ZACHODNIOPOMORSKIE,CITROEN,92
ZACHODNIOPOMORSKIE,CUPRA,47
ZACHODNIOPOMORSKIE,DACIA,67
ZACHODNIOPOMORSKIE,DAEWOO,2
ZACHODNIOPOMORSKIE,DAIHATSU,6
ZACHODNIOPOMORSKIE,DAIMLERCHRYSLER,12
ZACHODNIOPOMORSKIE,DFSK,1
ZACHODNIOPOMORSKIE,DODGE,20
ZACHODNIOPOMORSKIE,DS,6
ZACHODNIOPOMORSKIE,FIAT,38
ZACHODNIOPOMORSKIE,FORD,307
ZACHODNIOPOMORSKIE,FORD-CNG-TECHNIK,1
ZACHODNIOPOMORSKIE,FORTHING,3
ZACHODNIOPOMORSKIE,GMC,1
ZACHODNIOPOMORSKIE,HONDA,41
ZACHODNIOPOMORSKIE,HYUNDAI,183
ZACHODNIOPOMORSKIE,INFINITY,1
ZACHODNIOPOMORSKIE,IVECO,1
ZACHODNIOPOMORSKIE,JAECOO,16
ZACHODNIOPOMORSKIE,JAGUAR,6
ZACHODNIOPOMORSKIE,JEEP,40
ZACHODNIOPOMORSKIE,KIA,154
ZACHODNIOPOMORSKIE,LANCIA,1
ZACHODNIOPOMORSKIE,LAND ROVER,26
ZACHODNIOPOMORSKIE,LEXUS,69
ZACHODNIOPOMORSKIE,MAZDA,72
ZACHODNIOPOMORSKIE,MERCEDES-AMG,1
ZACHODNIOPOMORSKIE,MERCEDES-BENZ,274
ZACHODNIOPOMORSKIE,MG,78
ZACHODNIOPOMORSKIE,MG ROEWE,1
ZACHODNIOPOMORSKIE,MINI,16
ZACHODNIOPOMORSKIE,MITSUBISHI,29
ZACHODNIOPOMORSKIE,NISSAN,106
ZACHODNIOPOMORSKIE,OMODA,7
ZACHODNIOPOMORSKIE,OPEL,237
ZACHODNIOPOMORSKIE,PEUGEOT,126
ZACHODNIOPOMORSKIE,PORSCHE,22
ZACHODNIOPOMORSKIE,RAM,3
ZACHODNIOPOMORSKIE,RENAULT,95
ZACHODNIOPOMORSKIE,RENAULT/CARPOL,2
ZACHODNIOPOMORSKIE,SAAB,5
ZACHODNIOPOMORSKIE,SEAT,74
ZACHODNIOPOMORSKIE,SKODA,237
ZACHODNIOPOMORSKIE,SMART,6
ZACHODNIOPOMORSKIE,SSANGYONG,9
ZACHODNIOPOMORSKIE,SUBARU,11
ZACHODNIOPOMORSKIE,SUZUKI,48
ZACHODNIOPOMORSKIE,TESLA,2
ZACHODNIOPOMORSKIE,TOYOTA,315
ZACHODNIOPOMORSKIE,VAUXHALL,2
ZACHODNIOPOMORSKIE,VOLKSWAGEN,559
ZACHODNIOPOMORSKIE,VOLVO,114
ZACHODNIOPOMORSKIE,WAZ,1
